rate_date,from_currency,rate,is_filled,is_corrected
2023-01-01,GBP,568.04,True,False
2023-01-01,USD,464.6037,True,False
2023-01-02,GBP,568.04,False,False
2023-01-02,USD,464.6037,False,False
2023-01-03,GBP,570.79,False,False
2023-01-03,USD,464.089,False,False
2023-01-04,GBP,569.2,False,False
2023-01-04,USD,468.4062,False,False
2023-01-05,GBP,574.9604,False,False
2023-01-05,USD,469.7178,False,False
2023-01-06,GBP,577.2317,False,False
2023-01-06,USD,471.3667,False,False
2023-01-07,GBP,577.2317,True,False
2023-01-07,USD,471.3667,True,False
2023-01-08,GBP,577.2317,True,False
2023-01-08,USD,471.3667,True,False
2023-01-09,GBP,571.3005,False,False
2023-01-09,USD,474.9086,False,False
2023-01-10,GBP,574.97,False,False
2023-01-10,USD,470.7717,False,False
2023-01-11,GBP,574.97,True,False
2023-01-11,USD,470.7717,True,False
2023-01-12,GBP,578.3677,False,False
2023-01-12,USD,470.9457,False,False
2023-01-13,GBP,574.1625,False,False
2023-01-13,USD,466.6136,False,False
2023-01-14,GBP,574.1625,True,False
2023-01-14,USD,466.6136,True,False
2023-01-15,GBP,574.1625,True,False
2023-01-15,USD,466.6136,True,False
2023-01-16,GBP,576.9544,False,False
2023-01-16,USD,475.5216,False,False
2023-01-17,GBP,574.75,False,False
2023-01-17,USD,476.6171,False,False
2023-01-18,GBP,576.54,False,False
2023-01-18,USD,477.8521,False,False
2023-01-19,GBP,578.67,False,False
2023-01-19,USD,481.2516,False,False
2023-01-20,GBP,574.67,False,False
2023-01-20,USD,484.272,False,False
2023-01-21,GBP,574.67,True,False
2023-01-21,USD,484.272,True,False
2023-01-22,GBP,574.67,True,False
2023-01-22,USD,484.272,True,False
2023-01-23,GBP,577.3394,False,False
2023-01-23,USD,480.3557,False,False
2023-01-24,GBP,579.2432,False,False
2023-01-24,USD,482.7386,False,False
2023-01-25,GBP,575.6409,False,False
2023-01-25,USD,484.5504,False,False
2023-01-26,GBP,573.5757,False,False
2023-01-26,USD,485.9226,False,False
2023-01-27,GBP,581.0398,False,False
2023-01-27,USD,482.8242,False,False
2023-01-28,GBP,581.0398,True,False
2023-01-28,USD,482.8242,True,False
2023-01-29,GBP,581.0398,True,False
2023-01-29,USD,482.8242,True,False
2023-01-30,GBP,578.16,False,False
2023-01-30,USD,495.57,False,False
2023-01-31,GBP,571.94,False,False
2023-01-31,USD,494.9914,False,False
2023-02-01,GBP,571.94,True,False
2023-02-01,USD,494.9914,True,False
2023-02-02,GBP,569.5778,False,False
2023-02-02,USD,501.29,False,False
2023-02-03,GBP,568.59,False,False
2023-02-03,USD,497.74,False,False
2023-02-04,GBP,568.59,True,False
2023-02-04,USD,497.74,True,False
2023-02-05,GBP,568.59,True,False
2023-02-05,USD,497.74,True,False
2023-02-06,GBP,570.72,False,False
2023-02-06,USD,502.61,False,False
2023-02-07,GBP,575.3488,False,False
2023-02-07,USD,504.6664,False,False
2023-02-08,GBP,580.2982,False,False
2023-02-08,USD,501.3375,False,False
2023-02-09,GBP,583.6439,False,False
2023-02-09,USD,496.6261,False,False
2023-02-10,GBP,583.6439,True,False
2023-02-10,USD,496.6261,True,False
2023-02-11,GBP,583.6439,True,False
2023-02-11,USD,496.6261,True,False
2023-02-12,GBP,583.6439,True,False
2023-02-12,USD,496.6261,True,False
2023-02-13,GBP,583.6439,True,False
2023-02-13,USD,496.6261,True,False
2023-02-14,GBP,578.6889,False,False
2023-02-14,USD,493.4583,False,False
2023-02-15,GBP,578.93,False,False
2023-02-15,USD,492.791,False,False
2023-02-16,GBP,579.8479,False,False
2023-02-16,USD,488.8531,False,False
2023-02-17,GBP,586.34,False,False
2023-02-17,USD,492.4222,False,False
2023-02-18,GBP,586.34,True,False
2023-02-18,USD,492.4222,True,False
2023-02-19,GBP,586.34,True,False
2023-02-19,USD,492.4222,True,False
2023-02-20,GBP,584.64,False,False
2023-02-20,USD,501.7619,False,False
2023-02-21,GBP,584.21,False,False
2023-02-21,USD,498.854,False,False
2023-02-22,GBP,584.7108,False,False
2023-02-22,USD,495.2844,False,False
2023-02-23,GBP,587.7181,False,False
2023-02-23,USD,499.1843,False,False
2023-02-24,GBP,581.3645,False,False
2023-02-24,USD,499.0602,False,False
2023-02-25,GBP,581.3645,True,False
2023-02-25,USD,499.0602,True,False
2023-02-26,GBP,581.3645,True,False
2023-02-26,USD,499.0602,True,False
2023-02-27,GBP,581.3645,True,False
2023-02-27,USD,499.0602,True,False
2023-02-28,GBP,602.1188,False,False
2023-02-28,USD,497.1,False,False
2023-03-01,GBP,598.4838,False,False
2023-03-01,USD,499.3499,False,False
2023-03-02,GBP,595.2643,False,False
2023-03-02,USD,504.7217,False,False
2023-03-03,GBP,597.76,False,False
2023-03-03,USD,507.36,False,False
2023-03-04,GBP,597.76,True,False
2023-03-04,USD,507.36,True,False
2023-03-05,GBP,597.76,True,False
2023-03-05,USD,507.36,True,False
2023-03-06,GBP,602.8867,False,False
2023-03-06,USD,516.56,False,False
2023-03-07,GBP,603.2018,False,False
2023-03-07,USD,523.05,False,False
2023-03-08,GBP,593.1082,False,False
2023-03-08,USD,524.5305,False,False
2023-03-09,GBP,597.6643,False,False
2023-03-09,USD,531.2212,False,False
2023-03-10,GBP,593.69,False,False
2023-03-10,USD,530.68,False,False
2023-03-11,GBP,593.69,True,False
2023-03-11,USD,530.68,True,False
2023-03-12,GBP,593.69,True,False
2023-03-12,USD,530.68,True,False
2023-03-13,GBP,596.2213,False,False
2023-03-13,USD,540.2647,False,False
2023-03-14,GBP,595.7369,False,False
2023-03-14,USD,540.16,False,False
2023-03-15,GBP,590.4328,False,False
2023-03-15,USD,537.5746,False,False
2023-03-16,GBP,590.9722,False,False
2023-03-16,USD,542.131,False,False
2023-03-17,GBP,590.7345,False,False
2023-03-17,USD,542.88,False,False
2023-03-18,GBP,590.7345,True,False
2023-03-18,USD,542.88,True,False
2023-03-19,GBP,590.7345,True,False
2023-03-19,USD,542.88,True,False
2023-03-20,GBP,599.5981,False,False
2023-03-20,USD,545.1116,False,False
2023-03-21,GBP,599.5981,True,False
2023-03-21,USD,545.1116,True,False
2023-03-22,GBP,618.91,False,False
2023-03-22,USD,548.0595,False,False
2023-03-23,GBP,614.7746,False,False
2023-03-23,USD,546.3411,False,False
2023-03-24,GBP,614.7746,True,False
2023-03-24,USD,546.3411,True,False
2023-03-25,GBP,614.7746,True,False
2023-03-25,USD,546.3411,True,False
2023-03-26,GBP,614.7746,True,False
2023-03-26,USD,546.3411,True,False
2023-03-27,GBP,625.0229,False,False
2023-03-27,USD,551.52,False,False
2023-03-28,GBP,626.63,False,False
2023-03-28,USD,552.9789,False,False
2023-03-29,GBP,629.4602,False,False
2023-03-29,USD,553.47,False,False
2023-03-30,GBP,628.1126,False,False
2023-03-30,USD,555.5517,False,False
2023-03-31,GBP,624.0338,False,False
2023-03-31,USD,560.65,False,False
2023-04-01,GBP,624.0338,True,False
2023-04-01,USD,560.65,True,False
2023-04-02,GBP,624.0338,True,False
2023-04-02,USD,560.65,True,False
2023-04-03,GBP,626.443,False,False
2023-04-03,USD,563.13,False,False
2023-04-04,GBP,627.35,False,False
2023-04-04,USD,561.69,False,False
2023-04-05,GBP,626.3645,False,False
2023-04-05,USD,561.8908,False,False
2023-04-06,GBP,623.7623,False,False
2023-04-06,USD,556.88,False,False
2023-04-07,GBP,623.7623,True,False
2023-04-07,USD,556.88,True,False
2023-04-08,GBP,623.7623,True,False
2023-04-08,USD,556.88,True,False
2023-04-09,GBP,623.7623,True,False
2023-04-09,USD,556.88,True,False
2023-04-10,GBP,627.89,False,False
2023-04-10,USD,578.5935,False,False
2023-04-11,GBP,627.133,False,False
2023-04-11,USD,579.7333,False,False
2023-04-12,GBP,626.8096,False,False
2023-04-12,USD,579.75,False,False
2023-04-13,GBP,628.62,False,False
2023-04-13,USD,579.17,False,False
2023-04-14,GBP,631.01,False,False
2023-04-14,USD,576.7005,False,False
2023-04-15,GBP,631.01,True,False
2023-04-15,USD,576.7005,True,False
2023-04-16,GBP,631.01,True,False
2023-04-16,USD,576.7005,True,False
2023-04-17,GBP,618.6131,False,False
2023-04-17,USD,572.32,False,False
2023-04-18,GBP,621.28,False,False
2023-04-18,USD,573.3917,False,False
2023-04-19,GBP,623.86,False,False
2023-04-19,USD,575.8473,False,False
2023-04-20,GBP,622.5929,False,False
2023-04-20,USD,581.31,False,False
2023-04-21,GBP,625.3851,False,False
2023-04-21,USD,584.93,False,False
2023-04-22,GBP,625.3851,True,False
2023-04-22,USD,584.93,True,False
2023-04-23,GBP,625.3851,True,False
2023-04-23,USD,584.93,True,False
2023-04-24,GBP,629.78,False,False
2023-04-24,USD,592.4875,False,False
2023-04-25,GBP,631.0877,False,False
2023-04-25,USD,595.2136,False,False
2023-04-26,GBP,635.1,False,False
2023-04-26,USD,596.3863,False,False
2023-04-27,GBP,631.23,False,False
2023-04-27,USD,595.7438,False,False
2023-04-28,GBP,636.3821,False,False
2023-04-28,USD,597.0127,False,False
2023-04-29,GBP,636.3821,True,False
2023-04-29,USD,597.0127,True,False
2023-04-30,GBP,636.3821,True,False
2023-04-30,USD,597.0127,True,False
2023-05-01,GBP,631.9571,False,False
2023-05-01,USD,602.6719,False,False
2023-05-02,GBP,631.9571,True,False
2023-05-02,USD,602.6719,True,False
2023-05-03,GBP,632.05,False,False
2023-05-03,USD,595.57,False,False
2023-05-04,GBP,635.18,False,False
2023-05-04,USD,598.16,False,False
2023-05-05,GBP,634.2106,False,False
2023-05-05,USD,602.0796,False,False
2023-05-06,GBP,634.2106,True,False
2023-05-06,USD,602.0796,True,False
2023-05-07,GBP,634.2106,True,False
2023-05-07,USD,602.0796,True,False
2023-05-08,GBP,641.8297,False,False
2023-05-08,USD,603.7,False,False
2023-05-09,GBP,642.61,False,False
2023-05-09,USD,598.7399,False,False
2023-05-10,GBP,642.61,True,False
2023-05-10,USD,598.7399,True,False
2023-05-11,GBP,645.3712,False,False
2023-05-11,USD,599.9441,False,False
2023-05-12,GBP,645.191,False,False
2023-05-12,USD,595.7555,False,False
2023-05-13,GBP,645.191,True,False
2023-05-13,USD,595.7555,True,False
2023-05-14,GBP,645.191,True,False
2023-05-14,USD,595.7555,True,False
2023-05-15,GBP,651.26,False,False
2023-05-15,USD,597.1049,False,False
2023-05-16,GBP,651.84,False,False
2023-05-16,USD,602.29,False,False
2023-05-17,GBP,647.5152,False,False
2023-05-17,USD,601.87,False,False
2023-05-18,GBP,651.81,False,False
2023-05-18,USD,604.8355,False,False
2023-05-19,GBP,657.86,False,False
2023-05-19,USD,602.98,False,False
2023-05-20,GBP,657.86,True,False
2023-05-20,USD,602.98,True,False
2023-05-21,GBP,657.86,True,False
2023-05-21,USD,602.98,True,False
2023-05-22,GBP,664.5456,False,False
2023-05-22,USD,593.4122,False,False
2023-05-23,GBP,660.29,False,False
2023-05-23,USD,598.6829,False,False
2023-05-24,GBP,660.328,False,False
2023-05-24,USD,598.6713,False,False
2023-05-25,GBP,659.58,False,False
2023-05-25,USD,597.661,False,False
2023-05-26,GBP,658.7369,False,False
2023-05-26,USD,595.9814,False,False
2023-05-27,GBP,658.7369,True,False
2023-05-27,USD,595.9814,True,False
2023-05-28,GBP,658.7369,True,False
2023-05-28,USD,595.9814,True,False
2023-05-29,GBP,649.3842,False,False
2023-05-29,USD,603.4088,False,False
2023-05-30,GBP,649.3842,True,False
2023-05-30,USD,603.4088,True,False
2023-05-31,GBP,653.92,False,False
2023-05-31,USD,600.79,False,False
2023-06-01,GBP,654.5852,False,False
2023-06-01,USD,598.7526,False,False
2023-06-02,GBP,657.4983,False,False
2023-06-02,USD,593.028,False,False
2023-06-03,GBP,657.4983,True,False
2023-06-03,USD,593.028,True,False
2023-06-04,GBP,657.4983,True,False
2023-06-04,USD,593.028,True,False
2023-06-05,GBP,660.23,False,False
2023-06-05,USD,587.08,False,False
2023-06-06,GBP,660.23,True,False
2023-06-06,USD,587.08,True,False
2023-06-07,GBP,668.32,False,False
2023-06-07,USD,599.84,False,False
2023-06-08,GBP,673.53,False,False
2023-06-08,USD,600.29,False,False
2023-06-09,GBP,674.34,False,False
2023-06-09,USD,599.58,False,False
2023-06-10,GBP,674.34,True,False
2023-06-10,USD,599.58,True,False
2023-06-11,GBP,674.34,True,False
2023-06-11,USD,599.58,True,False
2023-06-12,GBP,673.4357,False,False
2023-06-12,USD,606.9985,False,False
2023-06-13,GBP,677.01,False,False
2023-06-13,USD,612.39,False,False
2023-06-14,GBP,1096.76,False,False
2023-06-14,USD,992.0763,False,False
2023-06-15,GBP,1105.8507,False,False
2023-06-15,USD,995.52,False,False
2023-06-16,GBP,1099.1548,False,False
2023-06-16,USD,1001.66,False,False
2023-06-17,GBP,1099.1548,True,False
2023-06-17,USD,1001.66,True,False
2023-06-18,GBP,1099.1548,True,False
2023-06-18,USD,1001.66,True,False
2023-06-19,GBP,1116.3479,False,False
2023-06-19,USD,1011.5719,False,False
2023-06-20,GBP,1120.57,False,False
2023-06-20,USD,1011.1323,False,False
2023-06-21,GBP,1127.93,False,False
2023-06-21,USD,1006.4016,False,False
2023-06-22,GBP,1138.4076,False,False
2023-06-22,USD,1022.935,False,False
2023-06-23,GBP,1152.3105,False,False
2023-06-23,USD,1027.9127,False,False
2023-06-24,GBP,1152.3105,True,False
2023-06-24,USD,1027.9127,True,False
2023-06-25,GBP,1152.3105,True,False
2023-06-25,USD,1027.9127,True,False
2023-06-26,GBP,1151.74,False,False
2023-06-26,USD,1017.0109,False,False
2023-06-27,GBP,1155.1198,False,False
2023-06-27,USD,1014.7853,False,False
2023-06-28,GBP,1141.92,False,False
2023-06-28,USD,1015.81,False,False
2023-06-29,GBP,1154.99,False,False
2023-06-29,USD,1019.48,False,False
2023-06-30,GBP,1166.48,False,False
2023-06-30,USD,1028.8,False,False
2023-07-01,GBP,1166.48,True,False
2023-07-01,USD,1028.8,True,False
2023-07-02,GBP,1166.48,True,False
2023-07-02,USD,1028.8,True,False
2023-07-03,GBP,1177.69,False,False
2023-07-03,USD,1024.13,False,False
2023-07-04,GBP,1184.14,False,False
2023-07-04,USD,1021.9038,False,False
2023-07-05,GBP,1197.35,False,False
2023-07-05,USD,1022.64,False,False
2023-07-06,GBP,1192.0172,False,False
2023-07-06,USD,1029.3294,False,False
2023-07-07,GBP,1192.0172,True,False
2023-07-07,USD,1029.3294,True,False
2023-07-08,GBP,1192.0172,True,False
2023-07-08,USD,1029.3294,True,False
2023-07-09,GBP,1192.0172,True,False
2023-07-09,USD,1029.3294,True,False
2023-07-10,GBP,1207.83,False,False
2023-07-10,USD,1042.9115,False,False
2023-07-11,GBP,1205.5125,False,False
2023-07-11,USD,1046.1964,False,False
2023-07-12,GBP,1217.64,False,False
2023-07-12,USD,1038.6194,False,False
2023-07-13,GBP,1219.7961,False,False
2023-07-13,USD,1043.0452,False,False
2023-07-14,GBP,1221.9043,False,False
2023-07-14,USD,1049.927,False,False
2023-07-15,GBP,1221.9043,True,False
2023-07-15,USD,1049.927,True,False
2023-07-16,GBP,1221.9043,True,False
2023-07-16,USD,1049.927,True,False
2023-07-17,GBP,1234.914,False,False
2023-07-17,USD,1059.056,False,False
2023-07-18,GBP,1238.54,False,False
2023-07-18,USD,1064.69,False,False
2023-07-19,GBP,1244.4665,False,False
2023-07-19,USD,1072.4991,False,False
2023-07-20,GBP,1246.91,False,False
2023-07-20,USD,1077.3359,False,False
2023-07-21,GBP,1253.04,False,False
2023-07-21,USD,1078.84,False,False
2023-07-22,GBP,1253.04,True,False
2023-07-22,USD,1078.84,True,False
2023-07-23,GBP,1253.04,True,False
2023-07-23,USD,1078.84,True,False
2023-07-24,GBP,1262.5,False,False
2023-07-24,USD,1100.9,False,False
2023-07-25,GBP,1253.97,False,False
2023-07-25,USD,1114.36,False,False
2023-07-26,GBP,1258.8621,False,False
2023-07-26,USD,1118.5436,False,False
2023-07-27,GBP,1273.1081,False,False
2023-07-27,USD,1115.4079,False,False
2023-07-28,GBP,1282.31,False,False
2023-07-28,USD,1106.4135,False,False
2023-07-29,GBP,1282.31,True,False
2023-07-29,USD,1106.4135,True,False
2023-07-30,GBP,1282.31,True,False
2023-07-30,USD,1106.4135,True,False
2023-07-31,GBP,1281.5332,False,False
2023-07-31,USD,1108.68,False,False
2023-08-01,GBP,1272.4506,False,False
2023-08-01,USD,1100.6122,False,False
2023-08-02,GBP,1287.4215,False,False
2023-08-02,USD,1106.1248,False,False
2023-08-03,GBP,1290.2101,False,False
2023-08-03,USD,1100.3961,False,False
2023-08-04,GBP,1290.2101,True,False
2023-08-04,USD,1100.3961,True,False
2023-08-05,GBP,1290.2101,True,False
2023-08-05,USD,1100.3961,True,False
2023-08-06,GBP,1290.2101,True,False
2023-08-06,USD,1100.3961,True,False
2023-08-07,GBP,1287.6325,False,False
2023-08-07,USD,1119.09,False,False
2023-08-08,GBP,1291.7442,False,False
2023-08-08,USD,1138.41,False,False
2023-08-09,GBP,1294.3561,False,False
2023-08-09,USD,1145.4515,False,False
2023-08-10,GBP,1301.7,False,False
2023-08-10,USD,1144.34,False,False
2023-08-11,GBP,1306.59,False,False
2023-08-11,USD,1149.42,False,False
2023-08-12,GBP,1306.59,True,False
2023-08-12,USD,1149.42,True,False
2023-08-13,GBP,1306.59,True,False
2023-08-13,USD,1149.42,True,False
2023-08-14,GBP,1306.59,True,False
2023-08-14,USD,1149.42,True,False
2023-08-15,GBP,1329.2805,False,False
2023-08-15,USD,1159.9493,False,False
2023-08-16,GBP,1337.5606,False,False
2023-08-16,USD,1168.3598,False,False
2023-08-17,GBP,1349.7262,False,False
2023-08-17,USD,1167.9501,False,False
2023-08-18,GBP,1335.35,False,False
2023-08-18,USD,1167.12,False,False
2023-08-19,GBP,1335.35,True,False
2023-08-19,USD,1167.12,True,False
2023-08-20,GBP,1335.35,True,False
2023-08-20,USD,1167.12,True,False
2023-08-21,GBP,1340.62,False,False
2023-08-21,USD,1168.2334,False,False
2023-08-22,GBP,1347.4,False,False
2023-08-22,USD,1168.2706,False,False
2023-08-23,GBP,1335.5438,False,False
2023-08-23,USD,1167.6752,False,False
2023-08-24,GBP,1334.3527,False,False
2023-08-24,USD,1161.9959,False,False
2023-08-25,GBP,1334.3527,True,False
2023-08-25,USD,1161.9959,True,False
2023-08-26,GBP,1334.3527,True,False
2023-08-26,USD,1161.9959,True,False
2023-08-27,GBP,1334.3527,True,False
2023-08-27,USD,1161.9959,True,False
2023-08-28,GBP,1361.36,False,False
2023-08-28,USD,1166.43,False,False
2023-08-29,GBP,1354.9389,False,False
2023-08-29,USD,1164.89,False,False
2023-08-30,GBP,1352.34,False,False
2023-08-30,USD,1165.1314,False,False
2023-08-31,GBP,1360.4664,False,False
2023-08-31,USD,1172.981,False,False
2023-09-01,GBP,1372.8041,False,False
2023-09-01,USD,1155.6664,False,False
2023-09-02,GBP,1372.8041,True,False
2023-09-02,USD,1155.6664,True,False
2023-09-03,GBP,1372.8041,True,False
2023-09-03,USD,1155.6664,True,False
2023-09-04,GBP,1352.9419,False,False
2023-09-04,USD,1125.086,False,False
2023-09-05,GBP,1364.07,False,False
2023-09-05,USD,1133.0607,False,False
2023-09-06,GBP,1354.9099,False,False
2023-09-06,USD,1129.227,False,False
2023-09-07,GBP,1369.21,False,False
2023-09-07,USD,1130.2453,False,False
2023-09-08,GBP,1364.92,False,False
2023-09-08,USD,1127.1072,False,False
2023-09-09,GBP,1364.92,True,False
2023-09-09,USD,1127.1072,True,False
2023-09-10,GBP,1364.92,True,False
2023-09-10,USD,1127.1072,True,False
2023-09-11,GBP,1374.2675,False,False
2023-09-11,USD,1138.2031,False,False
2023-09-12,GBP,1366.7688,False,False
2023-09-12,USD,1140.43,False,False
2023-09-13,GBP,1358.57,False,False
2023-09-13,USD,1137.6678,False,False
2023-09-14,GBP,1362.8,False,False
2023-09-14,USD,1144.8617,False,False
2023-09-15,GBP,1359.93,False,False
2023-09-15,USD,1158.0881,False,False
2023-09-16,GBP,1359.93,True,False
2023-09-16,USD,1158.0881,True,False
2023-09-17,GBP,1359.93,True,False
2023-09-17,USD,1158.0881,True,False
2023-09-18,GBP,1365.0249,False,False
2023-09-18,USD,1158.9539,False,False
2023-09-19,GBP,1357.112,False,False
2023-09-19,USD,1167.4971,False,False
2023-09-20,GBP,1362.813,False,False
2023-09-20,USD,1167.7699,False,False
2023-09-21,GBP,1374.678,False,True
2023-09-21,USD,1176.939,False,False
2023-09-22,GBP,1364.2354,False,False
2023-09-22,USD,1194.2914,False,False
2023-09-23,GBP,1364.2354,True,False
2023-09-23,USD,1194.2914,True,False
2023-09-24,GBP,1364.2354,True,False
2023-09-24,USD,1194.2914,True,False
2023-09-25,GBP,1356.8376,False,False
2023-09-25,USD,1203.2,False,False
2023-09-26,GBP,1360.0769,False,False
2023-09-26,USD,1194.868,False,False
2023-09-27,GBP,1352.7652,False,False
2023-09-27,USD,1190.52,False,False
2023-09-28,GBP,1348.9975,False,False
2023-09-28,USD,1188.61,False,False
2023-09-29,GBP,1359.6338,False,False
2023-09-29,USD,1185.676,False,False
2023-09-30,GBP,1359.6338,True,False
2023-09-30,USD,1185.676,True,False
2023-10-01,GBP,1359.6338,True,False
2023-10-01,USD,1185.676,True,False
2023-10-02,GBP,1371.6806,False,False
2023-10-02,USD,1193.0646,False,False
2023-10-03,GBP,1359.7511,False,False
2023-10-03,USD,1196.84,False,False
2023-10-04,GBP,1359.7511,True,False
2023-10-04,USD,1196.84,True,False
2023-10-05,GBP,1379.78,False,False
2023-10-05,USD,1178.5457,False,False
2023-10-06,GBP,1377.47,False,False
2023-10-06,USD,1185.3323,False,False
2023-10-07,GBP,1377.47,True,False
2023-10-07,USD,1185.3323,True,False
2023-10-08,GBP,1377.47,True,False
2023-10-08,USD,1185.3323,True,False
2023-10-09,GBP,1384.4992,False,False
2023-10-09,USD,1183.0676,False,False
2023-10-10,GBP,1392.0057,False,False
2023-10-10,USD,1183.2807,False,False
2023-10-11,GBP,1400.3687,False,False
2023-10-11,USD,1186.7866,False,False
2023-10-12,GBP,1407.76,False,False
2023-10-12,USD,1189.642,False,False
2023-10-13,GBP,1405.35,False,False
2023-10-13,USD,1201.65,False,False
2023-10-14,GBP,1405.35,True,False
2023-10-14,USD,1201.65,True,False
2023-10-15,GBP,1405.35,True,False
2023-10-15,USD,1201.65,True,False
2023-10-16,GBP,1400.6466,False,False
2023-10-16,USD,1224.8913,False,False
2023-10-17,GBP,1388.74,False,False
2023-10-17,USD,1231.99,False,False
2023-10-18,GBP,1394.0329,False,False
2023-10-18,USD,1240.3113,False,False
2023-10-19,GBP,1394.4721,False,False
2023-10-19,USD,1243.56,False,False
2023-10-20,GBP,1406.39,False,False
2023-10-20,USD,1239.6,False,False
2023-10-21,GBP,1406.39,True,False
2023-10-21,USD,1239.6,True,False
2023-10-22,GBP,1406.39,True,False
2023-10-22,USD,1239.6,True,False
2023-10-23,GBP,1411.4206,False,False
2023-10-23,USD,1240.15,False,False
2023-10-24,GBP,1424.8247,False,False
2023-10-24,USD,1237.47,False,False
2023-10-25,GBP,1418.85,False,False
2023-10-25,USD,1251.57,False,False
2023-10-26,GBP,1424.03,False,False
2023-10-26,USD,1250.4691,False,False
2023-10-27,GBP,1436.3681,False,False
2023-10-27,USD,1248.9477,False,False
2023-10-28,GBP,1436.3681,True,False
2023-10-28,USD,1248.9477,True,False
2023-10-29,GBP,1436.3681,True,False
2023-10-29,USD,1248.9477,True,False
2023-10-30,GBP,1458.7481,False,False
2023-10-30,USD,1245.58,False,False
2023-10-31,GBP,1456.3951,False,False
2023-10-31,USD,1253.4915,False,False
2023-11-01,GBP,1450.8069,False,False
2023-11-01,USD,1257.9343,False,False
2023-11-02,GBP,1454.5765,False,False
2023-11-02,USD,1244.6638,False,False
2023-11-03,GBP,1460.19,False,False
2023-11-03,USD,1237.4089,False,False
2023-11-04,GBP,1460.19,True,False
2023-11-04,USD,1237.4089,True,False
2023-11-05,GBP,1460.19,True,False
2023-11-05,USD,1237.4089,True,False
2023-11-06,GBP,1461.6965,False,False
2023-11-06,USD,1260.1134,False,False
2023-11-07,GBP,1454.9259,False,False
2023-11-07,USD,1256.2823,False,False
2023-11-08,GBP,1446.8,False,False
2023-11-08,USD,1258.4419,False,False
2023-11-09,GBP,1466.9253,False,False
2023-11-09,USD,1256.2553,False,False
2023-11-10,GBP,1471.19,False,False
2023-11-10,USD,1251.8368,False,False
2023-11-11,GBP,1471.19,True,False
2023-11-11,USD,1251.8368,True,False
2023-11-12,GBP,1471.19,True,False
2023-11-12,USD,1251.8368,True,False
2023-11-13,GBP,1470.55,False,False
2023-11-13,USD,1263.1594,False,False
2023-11-14,GBP,1482.04,False,False
2023-11-14,USD,1270.004,False,False
2023-11-15,GBP,1483.6577,False,False
2023-11-15,USD,1268.6506,False,False
2023-11-16,GBP,1485.6216,False,False
2023-11-16,USD,1269.6387,False,False
2023-11-17,GBP,1495.09,False,False
2023-11-17,USD,1275.7322,False,False
2023-11-18,GBP,1495.09,True,False
2023-11-18,USD,1275.7322,True,False
2023-11-19,GBP,1495.09,True,False
2023-11-19,USD,1275.7322,True,False
2023-11-20,GBP,1490.4553,False,False
2023-11-20,USD,1272.1329,False,False
2023-11-21,GBP,1502.38,False,False
2023-11-21,USD,1272.9546,False,False
2023-11-22,GBP,1499.9681,False,False
2023-11-22,USD,1277.9154,False,False
2023-11-23,GBP,1509.9353,False,False
2023-11-23,USD,1276.83,False,False
2023-11-24,GBP,1500.9263,False,False
2023-11-24,USD,1277.45,False,False
2023-11-25,GBP,1500.9263,True,False
2023-11-25,USD,1277.45,True,False
2023-11-26,GBP,1500.9263,True,False
2023-11-26,USD,1277.45,True,False
2023-11-27,GBP,1481.35,False,False
2023-11-27,USD,1268.654,False,False
2023-11-28,GBP,1466.7761,False,False
2023-11-28,USD,1278.6828,False,False
2023-11-29,GBP,1477.8312,False,False
2023-11-29,USD,1300.41,False,False
2023-11-30,GBP,1468.2698,False,False
2023-11-30,USD,1298.3552,False,False
2023-12-01,GBP,1472.01,False,False
2023-12-01,USD,1313.9064,False,False
2023-12-02,GBP,1472.01,True,False
2023-12-02,USD,1313.9064,True,False
2023-12-03,GBP,1472.01,True,False
2023-12-03,USD,1313.9064,True,False
2023-12-04,GBP,1479.1881,False,False
2023-12-04,USD,1296.74,False,False
2023-12-05,GBP,1487.8168,False,False
2023-12-05,USD,1293.72,False,False
2023-12-06,GBP,1487.09,False,False
2023-12-06,USD,1301.64,False,False
2023-12-07,GBP,1483.8916,False,False
2023-12-07,USD,1306.31,False,False
2023-12-08,GBP,1479.0015,False,False
2023-12-08,USD,1307.2426,False,False
2023-12-09,GBP,1479.0015,True,False
2023-12-09,USD,1307.2426,True,False
2023-12-10,GBP,1479.0015,True,False
2023-12-10,USD,1307.2426,True,False
2023-12-11,GBP,1487.881,False,False
2023-12-11,USD,1309.5,False,False
2023-12-12,GBP,1487.881,True,False
2023-12-12,USD,1309.5,True,False
2023-12-13,GBP,1479.6225,False,False
2023-12-13,USD,1327.2488,False,False
2023-12-14,GBP,1491.2091,False,False
2023-12-14,USD,1342.1982,False,False
2023-12-15,GBP,1510.09,False,False
2023-12-15,USD,1343.24,False,False
2023-12-16,GBP,1510.09,True,False
2023-12-16,USD,1343.24,True,False
2023-12-17,GBP,1510.09,True,False
2023-12-17,USD,1343.24,True,False
2023-12-18,GBP,1514.53,False,False
2023-12-18,USD,1345.36,False,False
2023-12-19,GBP,1506.4677,False,False
2023-12-19,USD,1343.9539,False,False
2023-12-20,GBP,1505.2593,False,False
2023-12-20,USD,1336.5043,False,False
2023-12-21,GBP,1507.5658,False,False
2023-12-21,USD,1352.7417,False,False
2023-12-22,GBP,1525.5104,False,False
2023-12-22,USD,1365.61,False,False
2023-12-23,GBP,1525.5104,True,False
2023-12-23,USD,1365.61,True,False
2023-12-24,GBP,1525.5104,True,False
2023-12-24,USD,1365.61,True,False
2023-12-25,GBP,1540.7631,False,False
2023-12-25,USD,1381.7964,False,False
2023-12-26,GBP,1558.27,False,False
2023-12-26,USD,1379.1251,False,False
2023-12-27,GBP,1549.3012,False,False
2023-12-27,USD,1394.132,False,False
2023-12-28,GBP,1541.43,False,False
2023-12-28,USD,1373.2982,False,False
2023-12-29,GBP,1553.6366,False,False
2023-12-29,USD,1372.22,False,False
2023-12-30,GBP,1553.6366,True,False
2023-12-30,USD,1372.22,True,False
2023-12-31,GBP,1553.6366,True,False
2023-12-31,USD,1372.22,True,False
2024-01-01,GBP,1576.3745,False,False
2024-01-01,USD,1394.83,False,False
2024-01-02,GBP,1574.3848,False,False
2024-01-02,USD,1406.3,False,False
2024-01-03,GBP,1576.6103,False,False
2024-01-03,USD,1419.72,False,False
2024-01-04,GBP,1585.28,False,False
2024-01-04,USD,1434.13,False,False
2024-01-05,GBP,1593.8232,False,False
2024-01-05,USD,1438.2558,False,False
2024-01-06,GBP,1593.8232,True,False
2024-01-06,USD,1438.2558,True,False
2024-01-07,GBP,1593.8232,True,False
2024-01-07,USD,1438.2558,True,False
2024-01-08,GBP,1584.7437,False,False
2024-01-08,USD,1430.5,False,False
2024-01-09,GBP,1584.6,False,False
2024-01-09,USD,1416.1628,False,False
2024-01-10,GBP,1600.5149,False,False
2024-01-10,USD,1416.453,False,False
2024-01-11,GBP,1612.64,False,False
2024-01-11,USD,1427.03,False,False
2024-01-12,GBP,1628.9,False,False
2024-01-12,USD,1434.3767,False,False
2024-01-13,GBP,1628.9,True,False
2024-01-13,USD,1434.3767,True,False
2024-01-14,GBP,1628.9,True,False
2024-01-14,USD,1434.3767,True,False
2024-01-15,GBP,1644.452,False,False
2024-01-15,USD,1431.4285,False,False
2024-01-16,GBP,1645.0604,False,False
2024-01-16,USD,1433.71,False,False
2024-01-17,GBP,1657.09,False,False
2024-01-17,USD,1432.64,False,False
2024-01-18,GBP,1673.3588,False,False
2024-01-18,USD,1425.5505,False,False
2024-01-19,GBP,1674.827,False,True
2024-01-19,USD,1423.5088,False,False
2024-01-20,GBP,1674.827,True,False
2024-01-20,USD,1423.5088,True,False
2024-01-21,GBP,1674.827,True,False
2024-01-21,USD,1423.5088,True,False
2024-01-22,GBP,1668.5111,False,False
2024-01-22,USD,1416.67,False,False
2024-01-23,GBP,1660.41,False,False
2024-01-23,USD,1418.2127,False,False
2024-01-24,GBP,1663.975,False,False
2024-01-24,USD,1408.3813,False,False
2024-01-25,GBP,1669.533,False,False
2024-01-25,USD,1413.2134,False,False
2024-01-26,GBP,1650.2093,False,False
2024-01-26,USD,1406.11,False,False
2024-01-27,GBP,1650.2093,True,False
2024-01-27,USD,1406.11,True,False
2024-01-28,GBP,1650.2093,True,False
2024-01-28,USD,1406.11,True,False
2024-01-29,GBP,2239.1436,False,False
2024-01-29,USD,1917.89,False,False
2024-01-30,GBP,2241.4172,False,False
2024-01-30,USD,1919.6929,False,False
2024-01-31,GBP,2251.5221,False,False
2024-01-31,USD,1925.1406,False,False
2024-02-01,GBP,2251.0889,False,False
2024-02-01,USD,1899.2077,False,False
2024-02-02,GBP,2287.6342,False,False
2024-02-02,USD,1917.5371,False,False
2024-02-03,GBP,2287.6342,True,False
2024-02-03,USD,1917.5371,True,False
2024-02-04,GBP,2287.6342,True,False
2024-02-04,USD,1917.5371,True,False
2024-02-05,GBP,2324.0898,False,False
2024-02-05,USD,1944.6177,False,False
2024-02-06,GBP,2348.4267,False,False
2024-02-06,USD,1963.998,False,False
2024-02-07,GBP,2352.56,False,False
2024-02-07,USD,1971.3875,False,False
2024-02-08,GBP,2362.84,False,False
2024-02-08,USD,1958.3496,False,False
2024-02-09,GBP,2356.7831,False,False
2024-02-09,USD,1974.3709,False,False
2024-02-10,GBP,2356.7831,True,False
2024-02-10,USD,1974.3709,True,False
2024-02-11,GBP,2356.7831,True,False
2024-02-11,USD,1974.3709,True,False
2024-02-12,GBP,2371.1,False,False
2024-02-12,USD,1994.61,False,False
2024-02-13,GBP,2403.8744,False,False
2024-02-13,USD,1993.2803,False,False
2024-02-14,GBP,2389.72,False,False
2024-02-14,USD,2009.5857,False,False
2024-02-15,GBP,2389.3575,False,False
2024-02-15,USD,2026.5832,False,False
2024-02-16,GBP,2405.7877,False,False
2024-02-16,USD,2031.27,False,False
2024-02-17,GBP,2405.7877,True,False
2024-02-17,USD,2031.27,True,False
2024-02-18,GBP,2405.7877,True,False
2024-02-18,USD,2031.27,True,False
2024-02-19,GBP,2389.0146,False,False
2024-02-19,USD,2019.2826,False,False
2024-02-20,GBP,2406.0304,False,False
2024-02-20,USD,2020.41,False,False
2024-02-21,GBP,2423.5925,False,False
2024-02-21,USD,2020.296,False,True
2024-02-22,GBP,2408.28,False,False
2024-02-22,USD,2019.98,False,False
2024-02-23,GBP,2408.28,True,False
2024-02-23,USD,2019.98,True,False
2024-02-24,GBP,2408.28,True,False
2024-02-24,USD,2019.98,True,False
2024-02-25,GBP,2408.28,True,False
2024-02-25,USD,2019.98,True,False
2024-02-26,GBP,2375.6097,False,False
2024-02-26,USD,2013.7353,False,False
2024-02-27,GBP,2400.49,False,False
2024-02-27,USD,2020.8937,False,False
2024-02-28,GBP,2433.52,False,False
2024-02-28,USD,2018.2385,False,False
2024-02-29,GBP,2433.52,True,False
2024-02-29,USD,2018.2385,True,False
2024-03-01,GBP,2422.6359,False,False
2024-03-01,USD,2016.3201,False,False
2024-03-02,GBP,2422.6359,True,False
2024-03-02,USD,2016.3201,True,False
2024-03-03,GBP,2422.6359,True,False
2024-03-03,USD,2016.3201,True,False
2024-03-04,GBP,2422.6359,True,False
2024-03-04,USD,2016.3201,True,False
2024-03-05,GBP,2434.7513,False,False
2024-03-05,USD,2023.5,False,False
2024-03-06,GBP,2412.5536,False,False
2024-03-06,USD,2019.75,False,False
2024-03-07,GBP,2386.1761,False,False
2024-03-07,USD,2009.1509,False,False
2024-03-08,GBP,2401.4917,False,False
2024-03-08,USD,2031.8575,False,False
2024-03-09,GBP,2401.4917,True,False
2024-03-09,USD,2031.8575,True,False
2024-03-10,GBP,2401.4917,True,False
2024-03-10,USD,2031.8575,True,False
2024-03-11,GBP,2406.0641,False,False
2024-03-11,USD,2048.1779,False,False
2024-03-12,GBP,2422.003,False,False
2024-03-12,USD,2050.5498,False,False
2024-03-13,GBP,2435.03,False,False
2024-03-13,USD,2049.7939,False,False
2024-03-14,GBP,2415.9973,False,False
2024-03-14,USD,2071.07,False,False
2024-03-15,GBP,2434.1505,False,False
2024-03-15,USD,2062.97,False,False
2024-03-16,GBP,2434.1505,True,False
2024-03-16,USD,2062.97,True,False
2024-03-17,GBP,2434.1505,True,False
2024-03-17,USD,2062.97,True,False
2024-03-18,GBP,2412.84,False,False
2024-03-18,USD,2059.82,False,False
2024-03-19,GBP,2456.1289,False,False
2024-03-19,USD,2070.92,False,False
2024-03-20,GBP,2458.38,False,False
2024-03-20,USD,2058.44,False,False
2024-03-21,GBP,2458.1791,False,False
2024-03-21,USD,2076.9957,False,False
2024-03-22,GBP,2474.14,False,False
2024-03-22,USD,2092.33,False,False
2024-03-23,GBP,2474.14,True,False
2024-03-23,USD,2092.33,True,False
2024-03-24,GBP,2474.14,True,False
2024-03-24,USD,2092.33,True,False
2024-03-25,GBP,2504.727,False,False
2024-03-25,USD,2109.3521,False,False
2024-03-26,GBP,2529.42,False,False
2024-03-26,USD,2117.7335,False,False
2024-03-27,GBP,2537.65,False,False
2024-03-27,USD,2107.57,False,False
2024-03-28,GBP,2551.8356,False,False
2024-03-28,USD,2119.73,False,False
2024-03-29,GBP,2566.54,False,False
2024-03-29,USD,2118.14,False,False
2024-03-30,GBP,2566.54,True,False
2024-03-30,USD,2118.14,True,False
2024-03-31,GBP,2566.54,True,False
2024-03-31,USD,2118.14,True,False
2024-04-01,GBP,2566.01,False,False
2024-04-01,USD,2150.83,False,False
2024-04-02,GBP,2553.4275,False,False
2024-04-02,USD,2152.29,False,False
2024-04-03,GBP,2556.0377,False,False
2024-04-03,USD,2177.3,False,False
2024-04-04,GBP,2570.1758,False,False
2024-04-04,USD,2180.5565,False,False
2024-04-05,GBP,2580.86,False,False
2024-04-05,USD,2199.7264,False,False
2024-04-06,GBP,2580.86,True,False
2024-04-06,USD,2199.7264,True,False
2024-04-07,GBP,2580.86,True,False
2024-04-07,USD,2199.7264,True,False
2024-04-08,GBP,2562.5799,False,False
2024-04-08,USD,2240.1963,False,False
2024-04-09,GBP,2562.5799,True,False
2024-04-09,USD,2240.1963,True,False
2024-04-10,GBP,2599.8482,False,False
2024-04-10,USD,2224.0413,False,False
2024-04-11,GBP,2573.71,False,False
2024-04-11,USD,2252.4181,False,False
2024-04-12,GBP,2567.9065,False,False
2024-04-12,USD,2278.7023,False,False
2024-04-13,GBP,2567.9065,True,False
2024-04-13,USD,2278.7023,True,False
2024-04-14,GBP,2567.9065,True,False
2024-04-14,USD,2278.7023,True,False
2024-04-15,GBP,2576.3243,False,False
2024-04-15,USD,2287.6741,False,False
2024-04-16,GBP,2598.4836,False,False
2024-04-16,USD,2274.9417,False,False
2024-04-17,GBP,2599.2346,False,False
2024-04-17,USD,2301.57,False,False
2024-04-18,GBP,2579.95,False,False
2024-04-18,USD,2297.1429,False,False
2024-04-19,GBP,2602.97,False,False
2024-04-19,USD,2280.02,False,False
2024-04-20,GBP,2602.97,True,False
2024-04-20,USD,2280.02,True,False
2024-04-21,GBP,2602.97,True,False
2024-04-21,USD,2280.02,True,False
2024-04-22,GBP,2555.5718,False,False
2024-04-22,USD,2315.4149,False,False
2024-04-23,GBP,2548.4374,False,False
2024-04-23,USD,2308.9473,False,False
2024-04-24,GBP,2548.261,False,False
2024-04-24,USD,2314.31,False,False
2024-04-25,GBP,2552.3122,False,False
2024-04-25,USD,2300.7013,False,False
2024-04-26,GBP,2569.62,False,False
2024-04-26,USD,2310.4679,False,False
2024-04-27,GBP,2569.62,True,False
2024-04-27,USD,2310.4679,True,False
2024-04-28,GBP,2569.62,True,False
2024-04-28,USD,2310.4679,True,False
2024-04-29,GBP,2590.12,False,False
2024-04-29,USD,2344.3209,False,False
2024-04-30,GBP,2593.328,False,False
2024-04-30,USD,2342.3538,False,False
2024-05-01,GBP,2603.46,False,False
2024-05-01,USD,2338.9963,False,False
2024-05-02,GBP,2606.0643,False,False
2024-05-02,USD,2343.34,False,False
2024-05-03,GBP,2619.462,False,False
2024-05-03,USD,2357.19,False,False
2024-05-04,GBP,2619.462,True,False
2024-05-04,USD,2357.19,True,False
2024-05-05,GBP,2619.462,True,False
2024-05-05,USD,2357.19,True,False
2024-05-06,GBP,2665.8708,False,False
2024-05-06,USD,2395.67,False,False
2024-05-07,GBP,2668.8862,False,False
2024-05-07,USD,2375.0068,False,False
2024-05-08,GBP,2660.1388,False,False
2024-05-08,USD,2334.96,False,False
2024-05-09,GBP,2640.8428,False,False
2024-05-09,USD,2345.5899,False,False
2024-05-10,GBP,2665.4137,False,False
2024-05-10,USD,2388.7753,False,False
2024-05-11,GBP,2665.4137,True,False
2024-05-11,USD,2388.7753,True,False
2024-05-12,GBP,2665.4137,True,False
2024-05-12,USD,2388.7753,True,False
2024-05-13,GBP,2666.241,False,False
2024-05-13,USD,2382.9088,False,False
2024-05-14,GBP,2680.6692,False,False
2024-05-14,USD,2389.0118,False,False
2024-05-15,GBP,2722.443,False,False
2024-05-15,USD,2401.7283,False,False
2024-05-16,GBP,2695.3513,False,False
2024-05-16,USD,2415.86,False,False
2024-05-17,GBP,2693.28,False,False
2024-05-17,USD,2424.308,False,False
2024-05-18,GBP,2693.28,True,False
2024-05-18,USD,2424.308,True,False
2024-05-19,GBP,2693.28,True,False
2024-05-19,USD,2424.308,True,False
2024-05-20,GBP,2724.52,False,False
2024-05-20,USD,2436.0217,False,False
2024-05-21,GBP,2753.13,False,False
2024-05-21,USD,2429.8411,False,False
2024-05-22,GBP,2727.3591,False,False
2024-05-22,USD,2462.3921,False,False
2024-05-23,GBP,2762.3196,False,False
2024-05-23,USD,2471.88,False,False
2024-05-24,GBP,2756.76,False,False
2024-05-24,USD,2454.2451,False,False
2024-05-25,GBP,2756.76,True,False
2024-05-25,USD,2454.2451,True,False
2024-05-26,GBP,2756.76,True,False
2024-05-26,USD,2454.2451,True,False
2024-05-27,GBP,2780.4101,False,False
2024-05-27,USD,2427.3335,False,False
2024-05-28,GBP,2804.65,False,False
2024-05-28,USD,2427.09,False,False
2024-05-29,GBP,2805.182,False,False
2024-05-29,USD,2430.2448,False,False
2024-05-30,GBP,2811.2598,False,False
2024-05-30,USD,2431.62,False,False
2024-05-31,GBP,2825.28,False,False
2024-05-31,USD,2450.87,False,False
2024-06-01,GBP,2825.28,True,False
2024-06-01,USD,2450.87,True,False
2024-06-02,GBP,2825.28,True,False
2024-06-02,USD,2450.87,True,False
2024-06-03,GBP,2889.09,False,False
2024-06-03,USD,2458.728,False,False
2024-06-04,GBP,2877.51,False,False
2024-06-04,USD,2458.1038,False,False
2024-06-05,GBP,2899.187,False,False
2024-06-05,USD,2460.15,False,False
2024-06-06,GBP,2909.7963,False,False
2024-06-06,USD,2465.1475,False,False
2024-06-07,GBP,2885.9899,False,False
2024-06-07,USD,2460.4005,False,False
2024-06-08,GBP,2885.9899,True,False
2024-06-08,USD,2460.4005,True,False
2024-06-09,GBP,2885.9899,True,False
2024-06-09,USD,2460.4005,True,False
2024-06-10,GBP,2885.154,False,False
2024-06-10,USD,2449.54,False,False
2024-06-11,GBP,2885.4738,False,False
2024-06-11,USD,2426.941,False,False
2024-06-12,GBP,2885.4738,True,False
2024-06-12,USD,2426.941,True,False
2024-06-13,GBP,2895.0263,False,False
2024-06-13,USD,2435.6586,False,False
2024-06-14,GBP,2905.91,False,False
2024-06-14,USD,2419.9144,False,False
2024-06-15,GBP,2905.91,True,False
2024-06-15,USD,2419.9144,True,False
2024-06-16,GBP,2905.91,True,False
2024-06-16,USD,2419.9144,True,False
2024-06-17,GBP,2867.9,False,False
2024-06-17,USD,2393.8912,False,False
2024-06-18,GBP,2875.6361,False,False
2024-06-18,USD,2400.5142,False,False
2024-06-19,GBP,2882.37,False,False
2024-06-19,USD,2406.22,False,False
2024-06-20,GBP,2887.58,False,False
2024-06-20,USD,2391.4614,False,False
2024-06-21,GBP,2876.2731,False,False
2024-06-21,USD,2364.376,False,False
2024-06-22,GBP,2876.2731,True,False
2024-06-22,USD,2364.376,True,False
2024-06-23,GBP,2876.2731,True,False
2024-06-23,USD,2364.376,True,False
2024-06-24,GBP,2877.6607,False,False
2024-06-24,USD,2391.02,False,False
2024-06-25,GBP,2876.01,False,False
2024-06-25,USD,2417.6612,False,False
2024-06-26,GBP,2906.47,False,False
2024-06-26,USD,2432.6641,False,False
2024-06-27,GBP,2915.9096,False,False
2024-06-27,USD,2425.5303,False,False
2024-06-28,GBP,2934.74,False,False
2024-06-28,USD,2432.609,False,False
2024-06-29,GBP,2934.74,True,False
2024-06-29,USD,2432.609,True,False
2024-06-30,GBP,2934.74,True,False
2024-06-30,USD,2432.609,True,False
2024-07-01,GBP,2992.41,False,False
2024-07-01,USD,2480.44,False,False
2024-07-02,GBP,2994.3644,False,False
2024-07-02,USD,2503.5645,False,False
2024-07-03,GBP,2992.7472,False,False
2024-07-03,USD,2502.0497,False,False
2024-07-04,GBP,2996.718,False,False
2024-07-04,USD,2489.0131,False,False
2024-07-05,GBP,2987.9878,False,False
2024-07-05,USD,2523.46,False,False
2024-07-06,GBP,2987.9878,True,False
2024-07-06,USD,2523.46,True,False
2024-07-07,GBP,2987.9878,True,False
2024-07-07,USD,2523.46,True,False
2024-07-08,GBP,2996.94,False,False
2024-07-08,USD,2513.0845,False,False
2024-07-09,GBP,3012.3018,False,False
2024-07-09,USD,2513.9457,False,False
2024-07-10,GBP,3032.02,False,False
2024-07-10,USD,2533.1803,False,False
2024-07-11,GBP,3052.32,False,False
2024-07-11,USD,2521.2097,False,False
2024-07-12,GBP,3067.8061,False,False
2024-07-12,USD,2529.7003,False,False
2024-07-13,GBP,3067.8061,True,False
2024-07-13,USD,2529.7003,True,False
2024-07-14,GBP,3067.8061,True,False
2024-07-14,USD,2529.7003,True,False
2024-07-15,GBP,2993.31,False,False
2024-07-15,USD,2534.002,False,False
2024-07-16,GBP,2969.7071,False,False
2024-07-16,USD,2552.89,False,False
2024-07-17,GBP,2969.7071,True,False
2024-07-17,USD,2552.89,True,False
2024-07-18,GBP,2953.0624,False,False
2024-07-18,USD,2539.3856,False,False
2024-07-19,GBP,2952.33,False,False
2024-07-19,USD,2531.7764,False,False
2024-07-20,GBP,2952.33,True,False
2024-07-20,USD,2531.7764,True,False
2024-07-21,GBP,2952.33,True,False
2024-07-21,USD,2531.7764,True,False
2024-07-22,GBP,2969.0199,False,False
2024-07-22,USD,2544.3163,False,False
2024-07-23,GBP,2962.5347,False,False
2024-07-23,USD,2552.74,False,False
2024-07-24,GBP,2975.23,False,False
2024-07-24,USD,2559.9441,False,False
2024-07-25,GBP,2974.1707,False,False
2024-07-25,USD,2589.7019,False,False
2024-07-26,GBP,2980.714,False,False
2024-07-26,USD,2612.05,False,False
2024-07-27,GBP,2980.714,True,False
2024-07-27,USD,2612.05,True,False
2024-07-28,GBP,2980.714,True,False
2024-07-28,USD,2612.05,True,False
2024-07-29,GBP,2949.3255,False,False
2024-07-29,USD,2591.4469,False,False
2024-07-30,GBP,2963.51,False,False
2024-07-30,USD,2608.84,False,False
2024-07-31,GBP,2951.12,False,False
2024-07-31,USD,2639.57,False,False
2024-08-01,GBP,2946.3483,False,False
2024-08-01,USD,2619.25,False,False
2024-08-02,GBP,2945.2051,False,False
2024-08-02,USD,2625.6,False,False
2024-08-03,GBP,2945.2051,True,False
2024-08-03,USD,2625.6,True,False
2024-08-04,GBP,2945.2051,True,False
2024-08-04,USD,2625.6,True,False
2024-08-05,GBP,2950.06,False,False
2024-08-05,USD,2640.4144,False,False
2024-08-06,GBP,2935.1599,False,False
2024-08-06,USD,2701.23,False,False
2024-08-07,GBP,2924.3201,False,False
2024-08-07,USD,2701.5692,False,False
2024-08-08,GBP,2924.82,False,False
2024-08-08,USD,2707.0009,False,False
2024-08-09,GBP,2929.95,False,False
2024-08-09,USD,2722.23,False,False
2024-08-10,GBP,2929.95,True,False
2024-08-10,USD,2722.23,True,False
2024-08-11,GBP,2929.95,True,False
2024-08-11,USD,2722.23,True,False
2024-08-12,GBP,2965.9717,False,False
2024-08-12,USD,2769.8233,False,False
2024-08-13,GBP,2979.3258,False,False
2024-08-13,USD,2773.5967,False,False
2024-08-14,GBP,3010.537,False,False
2024-08-14,USD,2768.2471,False,False
2024-08-15,GBP,2993.5077,False,False
2024-08-15,USD,2774.06,False,False
2024-08-16,GBP,3009.54,False,False
2024-08-16,USD,2806.97,False,False
2024-08-17,GBP,3009.54,True,False
2024-08-17,USD,2806.97,True,False
2024-08-18,GBP,3009.54,True,False
2024-08-18,USD,2806.97,True,False
2024-08-19,GBP,3009.46,False,False
2024-08-19,USD,2867.7167,False,False
2024-08-20,GBP,3006.1938,False,False
2024-08-20,USD,2863.8108,False,False
2024-08-21,GBP,3008.9659,False,False
2024-08-21,USD,2880.85,False,False
2024-08-22,GBP,3011.6106,False,False
2024-08-22,USD,2886.06,False,False
2024-08-23,GBP,3071.77,False,False
2024-08-23,USD,2858.18,False,False
2024-08-24,GBP,3071.77,True,False
2024-08-24,USD,2858.18,True,False
2024-08-25,GBP,3071.77,True,False
2024-08-25,USD,2858.18,True,False
2024-08-26,GBP,3063.88,False,False
2024-08-26,USD,2865.18,False,False
2024-08-27,GBP,3054.82,False,False
2024-08-27,USD,2812.8282,False,False
2024-08-28,GBP,3054.82,True,False
2024-08-28,USD,2812.8282,True,False
2024-08-29,GBP,3067.222,False,False
2024-08-29,USD,2766.8655,False,False
2024-08-30,GBP,3067.222,True,False
2024-08-30,USD,2766.8655,True,False
2024-08-31,GBP,3067.222,True,False
2024-08-31,USD,2766.8655,True,False
2024-09-01,GBP,3067.222,True,False
2024-09-01,USD,2766.8655,True,False
2024-09-02,GBP,3054.1757,False,False
2024-09-02,USD,2793.8039,False,False
2024-09-03,GBP,3054.1757,True,False
2024-09-03,USD,2793.8039,True,False
2024-09-04,GBP,3035.81,False,False
2024-09-04,USD,2812.04,False,False
2024-09-05,GBP,3060.919,False,False
2024-09-05,USD,2820.59,False,False
2024-09-06,GBP,3057.4672,False,False
2024-09-06,USD,2817.0248,False,False
2024-09-07,GBP,3057.4672,True,False
2024-09-07,USD,2817.0248,True,False
2024-09-08,GBP,3057.4672,True,False
2024-09-08,USD,2817.0248,True,False
2024-09-09,GBP,3046.4866,False,False
2024-09-09,USD,2816.75,False,False
2024-09-10,GBP,3049.3577,False,False
2024-09-10,USD,2796.9722,False,False
2024-09-11,GBP,3054.88,False,False
2024-09-11,USD,2793.46,False,False
2024-09-12,GBP,3066.91,False,False
2024-09-12,USD,2813.3234,False,False
2024-09-13,GBP,3075.4166,False,False
2024-09-13,USD,2822.33,False,False
2024-09-14,GBP,3075.4166,True,False
2024-09-14,USD,2822.33,True,False
2024-09-15,GBP,3075.4166,True,False
2024-09-15,USD,2822.33,True,False
2024-09-16,GBP,3056.649,False,False
2024-09-16,USD,2827.4035,False,False
2024-09-17,GBP,3030.93,False,False
2024-09-17,USD,2839.3894,False,False
2024-09-18,GBP,3043.3844,False,False
2024-09-18,USD,2853.08,False,False
2024-09-19,GBP,3040.9778,False,False
2024-09-19,USD,2839.1788,False,False
2024-09-20,GBP,3042.973,False,False
2024-09-20,USD,2846.7053,False,False
2024-09-21,GBP,3042.973,True,False
2024-09-21,USD,2846.7053,True,False
2024-09-22,GBP,3042.973,True,False
2024-09-22,USD,2846.7053,True,False
2024-09-23,GBP,3041.65,False,False
2024-09-23,USD,2775.1,False,False
2024-09-24,GBP,3049.26,False,False
2024-09-24,USD,2784.21,False,False
2024-09-25,GBP,3039.0,False,False
2024-09-25,USD,2807.8961,False,False
2024-09-26,GBP,3033.22,False,False
2024-09-26,USD,2804.711,False,False
2024-09-27,GBP,3060.549,False,False
2024-09-27,USD,2811.0826,False,False
2024-09-28,GBP,3060.549,True,False
2024-09-28,USD,2811.0826,True,False
2024-09-29,GBP,3060.549,True,False
2024-09-29,USD,2811.0826,True,False
2024-09-30,GBP,3040.6034,False,False
2024-09-30,USD,2806.2053,False,False
2024-10-01,GBP,3033.5,False,False
2024-10-01,USD,2814.0307,False,False
2024-10-02,GBP,3052.32,False,False
2024-10-02,USD,2830.04,False,False
2024-10-03,GBP,3056.97,False,False
2024-10-03,USD,2841.16,False,False
2024-10-04,GBP,3069.6909,False,False
2024-10-04,USD,2827.32,False,False
2024-10-05,GBP,3069.6909,True,False
2024-10-05,USD,2827.32,True,False
2024-10-06,GBP,3069.6909,True,False
2024-10-06,USD,2827.32,True,False
2024-10-07,GBP,3094.59,False,False
2024-10-07,USD,2842.1935,False,False
2024-10-08,GBP,3106.5238,False,False
2024-10-08,USD,2835.71,False,False
2024-10-09,GBP,3097.9993,False,False
2024-10-09,USD,2817.741,False,False
2024-10-10,GBP,3118.5002,False,False
2024-10-10,USD,2816.4663,False,False
2024-10-11,GBP,3119.6582,False,False
2024-10-11,USD,2806.06,False,False
2024-10-12,GBP,3119.6582,True,False
2024-10-12,USD,2806.06,True,False
2024-10-13,GBP,3119.6582,True,False
2024-10-13,USD,2806.06,True,False
2024-10-14,GBP,3124.1263,False,False
2024-10-14,USD,2846.1019,False,False
2024-10-15,GBP,3079.2601,False,False
2024-10-15,USD,2848.3343,False,False
2024-10-16,GBP,3077.9481,False,False
2024-10-16,USD,2874.068,False,False
2024-10-17,GBP,3071.41,False,False
2024-10-17,USD,2861.7892,False,False
2024-10-18,GBP,3041.2194,False,False
2024-10-18,USD,2901.225,False,False
2024-10-19,GBP,3041.2194,True,False
2024-10-19,USD,2901.225,True,False
2024-10-20,GBP,3041.2194,True,False
2024-10-20,USD,2901.225,True,False
2024-10-21,GBP,3014.4873,False,False
2024-10-21,USD,3012.6576,False,False
2024-10-22,GBP,3029.0878,False,False
2024-10-22,USD,3002.4495,False,False
2024-10-23,GBP,3046.31,False,False
2024-10-23,USD,2965.8528,False,False
2024-10-24,GBP,3017.97,False,False
2024-10-24,USD,2977.7648,False,False
2024-10-25,GBP,3014.55,False,False
2024-10-25,USD,2974.02,False,False
2024-10-26,GBP,3014.55,True,False
2024-10-26,USD,2974.02,True,False
2024-10-27,GBP,3014.55,True,False
2024-10-27,USD,2974.02,True,False
2024-10-28,GBP,3109.4641,False,False
2024-10-28,USD,2963.37,False,False
2024-10-29,GBP,3106.9383,False,False
2024-10-29,USD,2940.34,False,False
2024-10-30,GBP,3129.7143,False,False
2024-10-30,USD,2915.2897,False,False
2024-10-31,GBP,3134.3563,False,False
2024-10-31,USD,2939.9933,False,False
2024-11-01,GBP,3150.61,False,False
2024-11-01,USD,2942.6678,False,False
2024-11-02,GBP,3150.61,True,False
2024-11-02,USD,2942.6678,True,False
2024-11-03,GBP,3150.61,True,False
2024-11-03,USD,2942.6678,True,False
2024-11-04,GBP,3165.8562,False,False
2024-11-04,USD,2972.2868,False,False
2024-11-05,GBP,3174.88,False,False
2024-11-05,USD,3017.08,False,False
2024-11-06,GBP,3172.7629,False,False
2024-11-06,USD,3031.72,False,False
2024-11-07,GBP,3201.2616,False,False
2024-11-07,USD,3056.93,False,False
2024-11-08,GBP,3248.43,False,False
2024-11-08,USD,3064.2609,False,False
2024-11-09,GBP,3248.43,True,False
2024-11-09,USD,3064.2609,True,False
2024-11-10,GBP,3248.43,True,False
2024-11-10,USD,3064.2609,True,False
2024-11-11,GBP,3318.7872,False,False
2024-11-11,USD,3071.4489,False,False
2024-11-12,GBP,3311.9356,False,False
2024-11-12,USD,3059.45,False,False
2024-11-13,GBP,3297.01,False,False
2024-11-13,USD,3051.1335,False,False
2024-11-14,GBP,3281.8801,False,False
2024-11-14,USD,3026.88,False,False
2024-11-15,GBP,3276.7236,False,False
2024-11-15,USD,3002.8729,False,False
2024-11-16,GBP,3276.7236,True,False
2024-11-16,USD,3002.8729,True,False
2024-11-17,GBP,3276.7236,True,False
2024-11-17,USD,3002.8729,True,False
2024-11-18,GBP,3276.7236,True,False
2024-11-18,USD,3002.8729,True,False
2024-11-19,GBP,3301.27,False,False
2024-11-19,USD,2952.7354,False,False
2024-11-20,GBP,3336.4224,False,False
2024-11-20,USD,2951.18,False,False
2024-11-21,GBP,3340.6694,False,False
2024-11-21,USD,2956.3284,False,False
2024-11-22,GBP,3353.69,False,False
2024-11-22,USD,2955.43,False,False
2024-11-23,GBP,3353.69,True,False
2024-11-23,USD,2955.43,True,False
2024-11-24,GBP,3353.69,True,False
2024-11-24,USD,2955.43,True,False
2024-11-25,GBP,3366.12,False,False
2024-11-25,USD,2979.989,False,False
2024-11-26,GBP,3378.8975,False,False
2024-11-26,USD,3015.1826,False,False
2024-11-27,GBP,3394.5117,False,False
2024-11-27,USD,3056.5365,False,False
2024-11-28,GBP,3387.0811,False,False
2024-11-28,USD,3089.8618,False,False
2024-11-29,GBP,3406.9223,False,False
2024-11-29,USD,3102.52,False,False
2024-11-30,GBP,3406.9223,True,False
2024-11-30,USD,3102.52,True,False
2024-12-01,GBP,3406.9223,True,False
2024-12-01,USD,3102.52,True,False
2024-12-02,GBP,3393.73,False,False
2024-12-02,USD,3149.9706,False,False
2024-12-03,GBP,3393.73,True,False
2024-12-03,USD,3149.9706,True,False
2024-12-04,GBP,3398.7529,False,False
2024-12-04,USD,3162.8258,False,False
2024-12-05,GBP,3398.7529,True,False
2024-12-05,USD,3162.8258,True,False
2024-12-06,GBP,3469.37,False,False
2024-12-06,USD,3177.78,False,False
2024-12-07,GBP,3469.37,True,False
2024-12-07,USD,3177.78,True,False
2024-12-08,GBP,3469.37,True,False
2024-12-08,USD,3177.78,True,False
2024-12-09,GBP,3510.8234,False,False
2024-12-09,USD,3222.0417,False,False
2024-12-10,GBP,3529.8674,False,False
2024-12-10,USD,3235.02,False,False
2024-12-11,GBP,3526.4335,False,False
2024-12-11,USD,3236.3927,False,False
2024-12-12,GBP,3515.2312,False,False
2024-12-12,USD,3234.3639,False,False
2024-12-13,GBP,3520.3834,False,False
2024-12-13,USD,3245.36,False,False
2024-12-14,GBP,3520.3834,True,False
2024-12-14,USD,3245.36,True,False
2024-12-15,GBP,3520.3834,True,False
2024-12-15,USD,3245.36,True,False
2024-12-16,GBP,3583.0635,False,False
2024-12-16,USD,3276.6148,False,False
2024-12-17,GBP,3614.7558,False,False
2024-12-17,USD,3304.3039,False,False
2024-12-18,GBP,3589.47,False,False
2024-12-18,USD,3293.97,False,False
2024-12-19,GBP,3605.5432,False,False
2024-12-19,USD,3255.6598,False,False
2024-12-20,GBP,3643.3603,False,False
2024-12-20,USD,3268.5856,False,False
2024-12-21,GBP,3643.3603,True,False
2024-12-21,USD,3268.5856,True,False
2024-12-22,GBP,3643.3603,True,False
2024-12-22,USD,3268.5856,True,False
2024-12-23,GBP,3675.4535,False,False
2024-12-23,USD,3280.46,False,False
2024-12-24,GBP,3695.9755,False,False
2024-12-24,USD,3270.526,False,False
2024-12-25,GBP,3694.055,False,False
2024-12-25,USD,3303.1689,False,False
2024-12-26,GBP,3691.3811,False,False
2024-12-26,USD,3307.0759,False,False
2024-12-27,GBP,3704.5133,False,False
2024-12-27,USD,3280.77,False,False
2024-12-28,GBP,3704.5133,True,False
2024-12-28,USD,3280.77,True,False
2024-12-29,GBP,3704.5133,True,False
2024-12-29,USD,3280.77,True,False
2024-12-30,GBP,3695.4134,False,False
2024-12-30,USD,3287.1906,False,False
2024-12-31,GBP,3672.414,False,False
2024-12-31,USD,3327.7922,False,False
2025-01-01,GBP,3687.2824,False,False
2025-01-01,USD,3302.98,False,False
2025-01-02,GBP,3711.9333,False,False
2025-01-02,USD,3306.3109,False,False
2025-01-03,GBP,3716.5701,False,False
2025-01-03,USD,3329.79,False,False
2025-01-04,GBP,3716.5701,True,False
2025-01-04,USD,3329.79,True,False
2025-01-05,GBP,3716.5701,True,False
2025-01-05,USD,3329.79,True,False
2025-01-06,GBP,3756.7037,False,False
2025-01-06,USD,3301.6106,False,False
2025-01-07,GBP,3779.5169,False,False
2025-01-07,USD,3318.55,False,False
2025-01-08,GBP,3749.7641,False,False
2025-01-08,USD,3321.1935,False,False
2025-01-09,GBP,3791.6625,False,False
2025-01-09,USD,3384.5615,False,False
2025-01-10,GBP,3798.1223,False,False
2025-01-10,USD,3384.9926,False,False
2025-01-11,GBP,3798.1223,True,False
2025-01-11,USD,3384.9926,True,False
2025-01-12,GBP,3798.1223,True,False
2025-01-12,USD,3384.9926,True,False
2025-01-13,GBP,3809.8939,False,False
2025-01-13,USD,3463.9179,False,False
2025-01-14,GBP,3820.65,False,False
2025-01-14,USD,3446.1767,False,False
2025-01-15,GBP,3834.4863,False,False
2025-01-15,USD,3466.5864,False,False
2025-01-16,GBP,3851.8564,False,False
2025-01-16,USD,3466.6754,False,False
2025-01-17,GBP,3872.5637,False,False
2025-01-17,USD,3431.0449,False,False
2025-01-18,GBP,3872.5637,True,False
2025-01-18,USD,3431.0449,True,False
2025-01-19,GBP,3872.5637,True,False
2025-01-19,USD,3431.0449,True,False
2025-01-20,GBP,3944.7286,False,False
2025-01-20,USD,3474.6393,False,False
2025-01-21,GBP,3951.49,False,False
2025-01-21,USD,3414.2644,False,False
2025-01-22,GBP,3946.3609,False,False
2025-01-22,USD,3415.1696,False,False
2025-01-23,GBP,3938.5141,False,False
2025-01-23,USD,3427.2712,False,False
2025-01-24,GBP,3934.3957,False,False
2025-01-24,USD,3447.0566,False,False
2025-01-25,GBP,3934.3957,True,False
2025-01-25,USD,3447.0566,True,False
2025-01-26,GBP,3934.3957,True,False
2025-01-26,USD,3447.0566,True,False
2025-01-27,GBP,3976.1818,False,False
2025-01-27,USD,3487.4336,False,False
2025-01-28,GBP,3951.6247,False,False
2025-01-28,USD,3499.7377,False,False
2025-01-29,GBP,3936.6367,False,False
2025-01-29,USD,3537.9786,False,False
2025-01-30,GBP,3922.9902,False,False
2025-01-30,USD,3553.1443,False,False
2025-01-31,GBP,3910.2,False,False
2025-01-31,USD,3562.3219,False,False
2025-02-01,GBP,3910.2,True,False
2025-02-01,USD,3562.3219,True,False
2025-02-02,GBP,3910.2,True,False
2025-02-02,USD,3562.3219,True,False
2025-02-03,GBP,3907.6763,False,False
2025-02-03,USD,3637.5677,False,False
2025-02-04,GBP,3898.7805,False,False
2025-02-04,USD,3599.47,False,False
2025-02-05,GBP,3887.3758,False,False
2025-02-05,USD,3596.56,False,False
2025-02-06,GBP,3866.51,False,False
2025-02-06,USD,3599.98,False,False
2025-02-07,GBP,3842.0917,False,False
2025-02-07,USD,3617.0245,False,False
2025-02-08,GBP,3842.0917,True,False
2025-02-08,USD,3617.0245,True,False
2025-02-09,GBP,3842.0917,True,False
2025-02-09,USD,3617.0245,True,False
2025-02-10,GBP,3884.739,False,False
2025-02-10,USD,3603.25,False,False
2025-02-11,GBP,3891.65,False,False
2025-02-11,USD,3628.29,False,False
2025-02-12,GBP,3930.3158,False,False
2025-02-12,USD,3635.1362,False,False
2025-02-13,GBP,3925.117,False,False
2025-02-13,USD,3698.2782,False,False
2025-02-14,GBP,3935.3885,False,False
2025-02-14,USD,3752.9752,False,False
2025-02-15,GBP,3935.3885,True,False
2025-02-15,USD,3752.9752,True,False
2025-02-16,GBP,3935.3885,True,False
2025-02-16,USD,3752.9752,True,False
2025-02-17,GBP,3935.3885,True,False
2025-02-17,USD,3752.9752,True,False
2025-02-18,GBP,4016.1745,False,False
2025-02-18,USD,3724.1849,False,False
2025-02-19,GBP,3993.62,False,False
2025-02-19,USD,3757.1562,False,False
2025-02-20,GBP,3989.6704,False,False
2025-02-20,USD,3767.85,False,False
2025-02-21,GBP,4007.1889,False,False
2025-02-21,USD,3745.3655,False,False
2025-02-22,GBP,4007.1889,True,False
2025-02-22,USD,3745.3655,True,False
2025-02-23,GBP,4007.1889,True,False
2025-02-23,USD,3745.3655,True,False
2025-02-24,GBP,3992.03,False,False
2025-02-24,USD,3802.8924,False,False
2025-02-25,GBP,4004.9228,False,False
2025-02-25,USD,3782.54,False,False
2025-02-26,GBP,4045.6413,False,False
2025-02-26,USD,3798.44,False,False
2025-02-27,GBP,4038.45,False,False
2025-02-27,USD,3837.17,False,False
2025-02-28,GBP,4016.6383,False,False
2025-02-28,USD,3834.1497,False,False
2025-03-01,GBP,4016.6383,True,False
2025-03-01,USD,3834.1497,True,False
2025-03-02,GBP,4016.6383,True,False
2025-03-02,USD,3834.1497,True,False
2025-03-03,GBP,4030.2001,False,False
2025-03-03,USD,3836.1636,False,False
2025-03-04,GBP,4046.7214,False,False
2025-03-04,USD,3834.3383,False,False
2025-03-05,GBP,4043.15,False,False
2025-03-05,USD,3818.83,False,False
2025-03-06,GBP,4055.2315,False,False
2025-03-06,USD,3821.8786,False,False
2025-03-07,GBP,4039.74,False,False
2025-03-07,USD,3820.198,False,False
2025-03-08,GBP,4039.74,True,False
2025-03-08,USD,3820.198,True,False
2025-03-09,GBP,4039.74,True,False
2025-03-09,USD,3820.198,True,False
2025-03-10,GBP,4087.0279,False,False
2025-03-10,USD,3903.9131,False,False
2025-03-11,GBP,4064.83,False,False
2025-03-11,USD,3856.0335,False,False
2025-03-12,GBP,4054.0356,False,False
2025-03-12,USD,3891.6855,False,False
2025-03-13,GBP,4078.4929,False,False
2025-03-13,USD,3909.5739,False,False
2025-03-14,GBP,4090.3058,False,False
2025-03-14,USD,3938.38,False,False
2025-03-15,GBP,4090.3058,True,False
2025-03-15,USD,3938.38,True,False
2025-03-16,GBP,4090.3058,True,False
2025-03-16,USD,3938.38,True,False
2025-03-17,GBP,4068.96,False,False
2025-03-17,USD,3998.3058,False,False
2025-03-18,GBP,4005.8821,False,False
2025-03-18,USD,3990.9689,False,False
2025-03-19,GBP,4037.9707,False,False
2025-03-19,USD,3996.36,False,False
2025-03-20,GBP,4063.3882,False,False
2025-03-20,USD,4002.0282,False,False
2025-03-21,GBP,4063.6064,False,False
2025-03-21,USD,4021.25,False,False
2025-03-22,GBP,4063.6064,True,False
2025-03-22,USD,4021.25,True,False
2025-03-23,GBP,4063.6064,True,False
2025-03-23,USD,4021.25,True,False
2025-03-24,GBP,4157.39,False,False
2025-03-24,USD,3993.1862,False,False
2025-03-25,GBP,4155.7105,False,False
2025-03-25,USD,3956.14,False,False
2025-03-26,GBP,4151.91,False,False
2025-03-26,USD,3967.3197,False,False
2025-03-27,GBP,4172.5339,False,False
2025-03-27,USD,3971.2037,False,False
2025-03-28,GBP,4172.21,False,False
2025-03-28,USD,3990.1518,False,False
2025-03-29,GBP,4172.21,True,False
2025-03-29,USD,3990.1518,True,False
2025-03-30,GBP,4172.21,True,False
2025-03-30,USD,3990.1518,True,False
2025-03-31,GBP,4183.04,False,False
2025-03-31,USD,3977.2926,False,False
2025-04-01,GBP,4224.4815,False,False
2025-04-01,USD,3929.14,False,False
2025-04-02,GBP,4247.75,False,False
2025-04-02,USD,3915.2893,False,False
2025-04-03,GBP,4260.01,False,False
2025-04-03,USD,3944.2618,False,False
2025-04-04,GBP,4289.3377,False,False
2025-04-04,USD,3933.3755,False,False
2025-04-05,GBP,4289.3377,True,False
2025-04-05,USD,3933.3755,True,False
2025-04-06,GBP,4289.3377,True,False
2025-04-06,USD,3933.3755,True,False
2025-04-07,GBP,4294.7416,False,False
2025-04-07,USD,3981.67,False,False
2025-04-08,GBP,4318.5118,False,False
2025-04-08,USD,3965.8056,False,False
2025-04-09,GBP,4376.922,False,False
2025-04-09,USD,3989.4317,False,False
2025-04-10,GBP,4443.6851,False,False
2025-04-10,USD,4022.1508,False,False
2025-04-11,GBP,4457.6388,False,False
2025-04-11,USD,4024.9661,False,False
2025-04-12,GBP,4457.6388,True,False
2025-04-12,USD,4024.9661,True,False
2025-04-13,GBP,4457.6388,True,False
2025-04-13,USD,4024.9661,True,False
2025-04-14,GBP,4448.077,False,False
2025-04-14,USD,4042.5373,False,False
2025-04-15,GBP,4462.4891,False,False
2025-04-15,USD,4068.02,False,False
2025-04-16,GBP,4455.1957,False,False
2025-04-16,USD,4055.8831,False,False
2025-04-17,GBP,4501.5325,False,False
2025-04-17,USD,4025.0078,False,False
2025-04-18,GBP,4496.7239,False,False
2025-04-18,USD,3998.88,False,False
2025-04-19,GBP,4496.7239,True,False
2025-04-19,USD,3998.88,True,False
2025-04-20,GBP,4496.7239,True,False
2025-04-20,USD,3998.88,True,False
2025-04-21,GBP,4453.0315,False,False
2025-04-21,USD,4082.2097,False,False
2025-04-22,GBP,4468.5694,False,False
2025-04-22,USD,4115.715,False,False
2025-04-23,GBP,4506.91,False,False
2025-04-23,USD,4097.6366,False,False
2025-04-24,GBP,4527.16,False,False
2025-04-24,USD,4121.6859,False,False
2025-04-25,GBP,4529.9317,False,False
2025-04-25,USD,4152.2626,False,False
2025-04-26,GBP,4529.9317,True,False
2025-04-26,USD,4152.2626,True,False
2025-04-27,GBP,4529.9317,True,False
2025-04-27,USD,4152.2626,True,False
2025-04-28,GBP,4545.2585,False,False
2025-04-28,USD,4181.97,False,False
2025-04-29,GBP,4544.8341,False,False
2025-04-29,USD,4165.17,False,False
2025-04-30,GBP,4514.7893,False,False
2025-04-30,USD,4170.97,False,False
2025-05-01,GBP,4509.5118,False,False
2025-05-01,USD,4177.5563,False,False
2025-05-02,GBP,4487.4586,False,False
2025-05-02,USD,4233.7001,False,False
2025-05-03,GBP,4487.4586,True,False
2025-05-03,USD,4233.7001,True,False
2025-05-04,GBP,4487.4586,True,False
2025-05-04,USD,4233.7001,True,False
2025-05-05,GBP,4533.6096,False,False
2025-05-05,USD,4281.4365,False,False
2025-05-06,GBP,4536.308,False,False
2025-05-06,USD,4323.69,False,False
2025-05-07,GBP,4512.161,False,False
2025-05-07,USD,4338.63,False,False
2025-05-08,GBP,4591.051,False,False
2025-05-08,USD,4297.98,False,False
2025-05-09,GBP,4618.267,False,False
2025-05-09,USD,4291.73,False,False
2025-05-10,GBP,4618.267,True,False
2025-05-10,USD,4291.73,True,False
2025-05-11,GBP,4618.267,True,False
2025-05-11,USD,4291.73,True,False
2025-05-12,GBP,4639.33,False,False
2025-05-12,USD,4245.6071,False,False
2025-05-13,GBP,4639.33,True,False
2025-05-13,USD,4245.6071,True,False
2025-05-14,GBP,4633.79,False,False
2025-05-14,USD,4267.9389,False,False
2025-05-15,GBP,4578.74,False,False
2025-05-15,USD,4299.2291,False,False
2025-05-16,GBP,4539.2587,False,False
2025-05-16,USD,4266.5513,False,False
2025-05-17,GBP,4539.2587,True,False
2025-05-17,USD,4266.5513,True,False
2025-05-18,GBP,4539.2587,True,False
2025-05-18,USD,4266.5513,True,False
2025-05-19,GBP,4487.66,False,False
2025-05-19,USD,4284.7323,False,False
2025-05-20,GBP,4534.8604,False,False
2025-05-20,USD,4299.95,False,False
2025-05-21,GBP,4507.8097,False,False
2025-05-21,USD,4315.3386,False,False
2025-05-22,GBP,4512.8816,False,False
2025-05-22,USD,4329.7479,False,False
2025-05-23,GBP,4512.82,False,False
2025-05-23,USD,4360.31,False,False
2025-05-24,GBP,4512.82,True,False
2025-05-24,USD,4360.31,True,False
2025-05-25,GBP,4512.82,True,False
2025-05-25,USD,4360.31,True,False
2025-05-26,GBP,4512.82,True,False
2025-05-26,USD,4360.31,True,False
2025-05-27,GBP,4527.89,False,False
2025-05-27,USD,4426.1388,False,False
2025-05-28,GBP,4549.3647,False,False
2025-05-28,USD,4458.15,False,False
2025-05-29,GBP,4558.4461,False,False
2025-05-29,USD,4438.14,False,False
2025-05-30,GBP,4519.8075,False,False
2025-05-30,USD,4487.9589,False,False
2025-05-31,GBP,4519.8075,True,False
2025-05-31,USD,4487.9589,True,False
2025-06-01,GBP,4519.8075,True,False
2025-06-01,USD,4487.9589,True,False
2025-06-02,GBP,4570.3752,False,False
2025-06-02,USD,4545.6468,False,False
2025-06-03,GBP,4577.12,False,False
2025-06-03,USD,4585.3,False,False
2025-06-04,GBP,4626.4591,False,False
2025-06-04,USD,4584.7507,False,False
2025-06-05,GBP,4596.7028,False,False
2025-06-05,USD,4547.65,False,False
2025-06-06,GBP,4575.9577,False,False
2025-06-06,USD,4558.1133,False,False
2025-06-07,GBP,4575.9577,True,False
2025-06-07,USD,4558.1133,True,False
2025-06-08,GBP,4575.9577,True,False
2025-06-08,USD,4558.1133,True,False
2025-06-09,GBP,4618.6544,False,False
2025-06-09,USD,4563.6164,False,False
2025-06-10,GBP,4620.396,False,False
2025-06-10,USD,4559.53,False,False
2025-06-11,GBP,4608.99,False,False
2025-06-11,USD,4576.7847,False,False
2025-06-12,GBP,4594.3,False,False
2025-06-12,USD,4601.45,False,False
2025-06-13,GBP,4594.3,True,False
2025-06-13,USD,4601.45,True,False
2025-06-14,GBP,4594.3,True,False
2025-06-14,USD,4601.45,True,False
2025-06-15,GBP,4594.3,True,False
2025-06-15,USD,4601.45,True,False
2025-06-16,GBP,4648.55,False,False
2025-06-16,USD,4655.97,False,False
2025-06-17,GBP,4679.56,False,False
2025-06-17,USD,4697.5427,False,False
2025-06-18,GBP,4728.75,False,False
2025-06-18,USD,4706.4211,False,False
2025-06-19,GBP,4772.08,False,False
2025-06-19,USD,4690.0,False,False
2025-06-20,GBP,4737.75,False,False
2025-06-20,USD,4696.0255,False,False
2025-06-21,GBP,4737.75,True,False
2025-06-21,USD,4696.0255,True,False
2025-06-22,GBP,4737.75,True,False
2025-06-22,USD,4696.0255,True,False
2025-06-23,GBP,4827.92,False,False
2025-06-23,USD,4748.0426,False,False
2025-06-24,GBP,4842.4783,False,False
2025-06-24,USD,4761.5514,False,False
2025-06-25,GBP,4772.3587,False,False
2025-06-25,USD,4761.11,False,False
2025-06-26,GBP,4711.1966,False,False
2025-06-26,USD,4732.4,False,False
2025-06-27,GBP,4710.8573,False,False
2025-06-27,USD,4691.1294,False,False
2025-06-28,GBP,4710.8573,True,False
2025-06-28,USD,4691.1294,True,False
2025-06-29,GBP,4710.8573,True,False
2025-06-29,USD,4691.1294,True,False
2025-06-30,GBP,4637.31,False,False
2025-06-30,USD,4730.61,False,False
2025-07-01,GBP,4655.4813,False,False
2025-07-01,USD,4749.1158,False,False
2025-07-02,GBP,4655.4813,True,False
2025-07-02,USD,4749.1158,True,False
2025-07-03,GBP,4672.32,False,False
2025-07-03,USD,4772.2922,False,False
2025-07-04,GBP,4658.839,False,False
2025-07-04,USD,4799.895,False,False
