service_name,jobs,revenue_ngn,labour_ngn,loss_jobs,genuine_losses,artefact_losses,jobs_without_timesheets,labour_margin_ngn,labour_margin_pct,loss_job_share_pct
Studio Rental,186,209704628.39,220882000.0,83,74,9,0,-11177371.61,-5.33,44.62
Photoshoot,380,1026006204.34,451939500.0,66,50,16,0,574066704.34,55.95,17.37
Event Coverage,290,1057195540.77,291957500.0,12,7,5,0,765238040.77,72.38,4.14
Wedding Film,423,2625332297.98,475224000.0,5,2,3,0,2150108297.98,81.9,1.18
Unknown,107,883030262.2,109489500.0,16,14,2,0,773540762.2,87.6,14.95
Corporate Documentary,155,2138349648.62,189822000.0,0,0,0,0,1948527648.62,91.12,0.0
Music Video,261,4018574494.25,279602000.0,0,0,0,0,3738972494.25,93.04,0.0
Short Film,84,1618274561.79,94989500.0,0,0,0,0,1523285061.79,94.13,0.0
Commercial / TVC,172,6062141327.35,211011500.0,0,0,0,0,5851129827.35,96.52,0.0
