service_name,jobs,revenue_ngn,avg_job_ngn,revenue_share_pct,job_share_pct
Commercial / TVC,172,6062141327.35,35245007.72,30.87,8.36
Music Video,261,4018574494.25,15396837.14,20.46,12.68
Wedding Film,423,2625332297.98,6206459.33,13.37,20.55
Corporate Documentary,155,2138349648.62,13795804.18,10.89,7.53
Short Film,84,1618274561.79,19265173.35,8.24,4.08
Event Coverage,290,1057195540.77,3645501.86,5.38,14.09
Photoshoot,380,1026006204.34,2700016.33,5.22,18.46
Unknown,107,883030262.2,8252619.27,4.5,5.2
Studio Rental,186,209704628.39,1127444.24,1.07,9.04
